rows=read_layer(0..28), cols=intervention_layer(0..28)
0.000000000000000000e+00,0.000000000000000000e+00,0.000000000000000000e+00,0.000000000000000000e+00,0.000000000000000000e+00,0.000000000000000000e+00,0.000000000000000000e+00,0.000000000000000000e+00,0.000000000000000000e+00,0.000000000000000000e+00,0.000000000000000000e+00,0.000000000000000000e+00,0.000000000000000000e+00,0.000000000000000000e+00,0.000000000000000000e+00,0.000000000000000000e+00,0.000000000000000000e+00,0.000000000000000000e+00,0.000000000000000000e+00,0.000000000000000000e+00,0.000000000000000000e+00,0.000000000000000000e+00,0.000000000000000000e+00,0.000000000000000000e+00,0.000000000000000000e+00,0.000000000000000000e+00,0.000000000000000000e+00,0.000000000000000000e+00,0.000000000000000000e+00
0.000000000000000000e+00,0.000000000000000000e+00,0.000000000000000000e+00,0.000000000000000000e+00,0.000000000000000000e+00,0.000000000000000000e+00,0.000000000000000000e+00,0.000000000000000000e+00,0.000000000000000000e+00,0.000000000000000000e+00,0.000000000000000000e+00,0.000000000000000000e+00,0.000000000000000000e+00,0.000000000000000000e+00,0.000000000000000000e+00,0.000000000000000000e+00,0.000000000000000000e+00,0.000000000000000000e+00,0.000000000000000000e+00,0.000000000000000000e+00,0.000000000000000000e+00,0.000000000000000000e+00,0.000000000000000000e+00,0.000000000000000000e+00,0.000000000000000000e+00,0.000000000000000000e+00,0.000000000000000000e+00,0.000000000000000000e+00,0.000000000000000000e+00
0.000000000000000000e+00,5.213402910158038139e-04,0.000000000000000000e+00,0.000000000000000000e+00,0.000000000000000000e+00,0.000000000000000000e+00,0.000000000000000000e+00,0.000000000000000000e+00,0.000000000000000000e+00,0.000000000000000000e+00,0.000000000000000000e+00,0.000000000000000000e+00,0.000000000000000000e+00,0.000000000000000000e+00,0.000000000000000000e+00,0.000000000000000000e+00,0.000000000000000000e+00,0.000000000000000000e+00,0.000000000000000000e+00,0.000000000000000000e+00,0.000000000000000000e+00,0.000000000000000000e+00,0.000000000000000000e+00,0.000000000000000000e+00,0.000000000000000000e+00,0.000000000000000000e+00,0.000000000000000000e+00,0.000000000000000000e+00,0.000000000000000000e+00
0.000000000000000000e+00,8.402013918384909630e-04,1.912318839458748698e-04,0.000000000000000000e+00,0.000000000000000000e+00,0.000000000000000000e+00,0.000000000000000000e+00,0.000000000000000000e+00,0.000000000000000000e+00,0.000000000000000000e+00,0.000000000000000000e+00,0.000000000000000000e+00,0.000000000000000000e+00,0.000000000000000000e+00,0.000000000000000000e+00,0.000000000000000000e+00,0.000000000000000000e+00,0.000000000000000000e+00,0.000000000000000000e+00,0.000000000000000000e+00,0.000000000000000000e+00,0.000000000000000000e+00,0.000000000000000000e+00,0.000000000000000000e+00,0.000000000000000000e+00,0.000000000000000000e+00,0.000000000000000000e+00,0.000000000000000000e+00,0.000000000000000000e+00
0.000000000000000000e+00,1.090319012291729450e-03,7.410289254039525986e-04,7.666819728910923004e-04,0.000000000000000000e+00,0.000000000000000000e+00,0.000000000000000000e+00,0.000000000000000000e+00,0.000000000000000000e+00,0.000000000000000000e+00,0.000000000000000000e+00,0.000000000000000000e+00,0.000000000000000000e+00,0.000000000000000000e+00,0.000000000000000000e+00,0.000000000000000000e+00,0.000000000000000000e+00,0.000000000000000000e+00,0.000000000000000000e+00,0.000000000000000000e+00,0.000000000000000000e+00,0.000000000000000000e+00,0.000000000000000000e+00,0.000000000000000000e+00,0.000000000000000000e+00,0.000000000000000000e+00,0.000000000000000000e+00,0.000000000000000000e+00,0.000000000000000000e+00
0.000000000000000000e+00,1.100626774132251740e-03,8.582701557315886021e-04,9.671268053352832794e-04,2.329501876374706626e-04,0.000000000000000000e+00,0.000000000000000000e+00,0.000000000000000000e+00,0.000000000000000000e+00,0.000000000000000000e+00,0.000000000000000000e+00,0.000000000000000000e+00,0.000000000000000000e+00,0.000000000000000000e+00,0.000000000000000000e+00,0.000000000000000000e+00,0.000000000000000000e+00,0.000000000000000000e+00,0.000000000000000000e+00,0.000000000000000000e+00,0.000000000000000000e+00,0.000000000000000000e+00,0.000000000000000000e+00,0.000000000000000000e+00,0.000000000000000000e+00,0.000000000000000000e+00,0.000000000000000000e+00,0.000000000000000000e+00,0.000000000000000000e+00
0.000000000000000000e+00,1.256045536138117313e-03,1.072132261469960213e-03,1.173973549157381058e-03,7.422972121275961399e-04,7.699670386500656605e-04,0.000000000000000000e+00,0.000000000000000000e+00,0.000000000000000000e+00,0.000000000000000000e+00,0.000000000000000000e+00,0.000000000000000000e+00,0.000000000000000000e+00,0.000000000000000000e+00,0.000000000000000000e+00,0.000000000000000000e+00,0.000000000000000000e+00,0.000000000000000000e+00,0.000000000000000000e+00,0.000000000000000000e+00,0.000000000000000000e+00,0.000000000000000000e+00,0.000000000000000000e+00,0.000000000000000000e+00,0.000000000000000000e+00,0.000000000000000000e+00,0.000000000000000000e+00,0.000000000000000000e+00,0.000000000000000000e+00
0.000000000000000000e+00,1.268447027541697025e-03,1.208384404890239239e-03,1.317091635428369045e-03,1.230573281645774841e-03,1.688745105639100075e-03,1.829042332246899605e-03,0.000000000000000000e+00,0.000000000000000000e+00,0.000000000000000000e+00,0.000000000000000000e+00,0.000000000000000000e+00,0.000000000000000000e+00,0.000000000000000000e+00,0.000000000000000000e+00,0.000000000000000000e+00,0.000000000000000000e+00,0.000000000000000000e+00,0.000000000000000000e+00,0.000000000000000000e+00,0.000000000000000000e+00,0.000000000000000000e+00,0.000000000000000000e+00,0.000000000000000000e+00,0.000000000000000000e+00,0.000000000000000000e+00,0.000000000000000000e+00,0.000000000000000000e+00,0.000000000000000000e+00
0.000000000000000000e+00,1.350847538560628891e-03,1.290137646719813347e-03,1.384883187711238861e-03,1.324791111983358860e-03,1.777946832589805126e-03,1.942222937941551208e-03,3.960969625040888786e-04,0.000000000000000000e+00,0.000000000000000000e+00,0.000000000000000000e+00,0.000000000000000000e+00,0.000000000000000000e+00,0.000000000000000000e+00,0.000000000000000000e+00,0.000000000000000000e+00,0.000000000000000000e+00,0.000000000000000000e+00,0.000000000000000000e+00,0.000000000000000000e+00,0.000000000000000000e+00,0.000000000000000000e+00,0.000000000000000000e+00,0.000000000000000000e+00,0.000000000000000000e+00,0.000000000000000000e+00,0.000000000000000000e+00,0.000000000000000000e+00,0.000000000000000000e+00
0.000000000000000000e+00,1.415445585735142231e-03,1.417904160916805267e-03,1.498566474765539169e-03,1.571311149746179581e-03,2.368185669183731079e-03,2.378091681748628616e-03,2.920374739915132523e-03,2.897414145991206169e-03,0.000000000000000000e+00,0.000000000000000000e+00,0.000000000000000000e+00,0.000000000000000000e+00,0.000000000000000000e+00,0.000000000000000000e+00,0.000000000000000000e+00,0.000000000000000000e+00,0.000000000000000000e+00,0.000000000000000000e+00,0.000000000000000000e+00,0.000000000000000000e+00,0.000000000000000000e+00,0.000000000000000000e+00,0.000000000000000000e+00,0.000000000000000000e+00,0.000000000000000000e+00,0.000000000000000000e+00,0.000000000000000000e+00,0.000000000000000000e+00
0.000000000000000000e+00,1.379165914840996265e-03,1.399242551997303963e-03,1.465766807086765766e-03,1.539402757771313190e-03,2.357621677219867706e-03,2.265871735289692879e-03,2.996100345626473427e-03,2.890930976718664169e-03,1.223701634444296360e-03,0.000000000000000000e+00,0.000000000000000000e+00,0.000000000000000000e+00,0.000000000000000000e+00,0.000000000000000000e+00,0.000000000000000000e+00,0.000000000000000000e+00,0.000000000000000000e+00,0.000000000000000000e+00,0.000000000000000000e+00,0.000000000000000000e+00,0.000000000000000000e+00,0.000000000000000000e+00,0.000000000000000000e+00,0.000000000000000000e+00,0.000000000000000000e+00,0.000000000000000000e+00,0.000000000000000000e+00,0.000000000000000000e+00
0.000000000000000000e+00,1.361454720608890057e-03,1.387308468110859394e-03,1.442802837118506432e-03,1.528842025436460972e-03,2.280303509905934334e-03,2.161306096240878105e-03,3.068532561883330345e-03,2.906344830989837646e-03,2.135162707418203354e-03,1.940727699548006058e-03,0.000000000000000000e+00,0.000000000000000000e+00,0.000000000000000000e+00,0.000000000000000000e+00,0.000000000000000000e+00,0.000000000000000000e+00,0.000000000000000000e+00,0.000000000000000000e+00,0.000000000000000000e+00,0.000000000000000000e+00,0.000000000000000000e+00,0.000000000000000000e+00,0.000000000000000000e+00,0.000000000000000000e+00,0.000000000000000000e+00,0.000000000000000000e+00,0.000000000000000000e+00,0.000000000000000000e+00
0.000000000000000000e+00,1.373498816974461079e-03,1.404780545271933079e-03,1.460642088204622269e-03,1.572622568346560001e-03,2.282348694279789925e-03,2.175711793825030327e-03,3.341136034578084946e-03,3.400862216949462891e-03,4.804978612810373306e-03,6.991550326347351074e-03,2.942488761618733406e-03,0.000000000000000000e+00,0.000000000000000000e+00,0.000000000000000000e+00,0.000000000000000000e+00,0.000000000000000000e+00,0.000000000000000000e+00,0.000000000000000000e+00,0.000000000000000000e+00,0.000000000000000000e+00,0.000000000000000000e+00,0.000000000000000000e+00,0.000000000000000000e+00,0.000000000000000000e+00,0.000000000000000000e+00,0.000000000000000000e+00,0.000000000000000000e+00,0.000000000000000000e+00
0.000000000000000000e+00,1.371486461721360683e-03,1.412776298820972443e-03,1.463281456381082535e-03,1.596510759554803371e-03,2.315905177965760231e-03,2.196453046053647995e-03,3.514887997880578041e-03,3.603073768317699432e-03,7.200384978204965591e-03,9.517232887446880341e-03,6.058835424482822418e-03,3.038224764168262482e-03,0.000000000000000000e+00,0.000000000000000000e+00,0.000000000000000000e+00,0.000000000000000000e+00,0.000000000000000000e+00,0.000000000000000000e+00,0.000000000000000000e+00,0.000000000000000000e+00,0.000000000000000000e+00,0.000000000000000000e+00,0.000000000000000000e+00,0.000000000000000000e+00,0.000000000000000000e+00,0.000000000000000000e+00,0.000000000000000000e+00,0.000000000000000000e+00
0.000000000000000000e+00,1.251965179108083248e-03,1.282295212149620056e-03,1.317811431363224983e-03,1.426059054210782051e-03,2.000562613829970360e-03,1.884092576801776886e-03,3.010645741596817970e-03,3.032037289813160896e-03,6.351839285343885422e-03,8.474922738969326019e-03,5.841935519129037857e-03,3.266319399699568748e-03,1.099526300095021725e-03,0.000000000000000000e+00,0.000000000000000000e+00,0.000000000000000000e+00,0.000000000000000000e+00,0.000000000000000000e+00,0.000000000000000000e+00,0.000000000000000000e+00,0.000000000000000000e+00,0.000000000000000000e+00,0.000000000000000000e+00,0.000000000000000000e+00,0.000000000000000000e+00,0.000000000000000000e+00,0.000000000000000000e+00,0.000000000000000000e+00
0.000000000000000000e+00,1.292964909225702286e-03,1.321309362538158894e-03,1.352955121546983719e-03,1.453394768759608269e-03,1.998474355787038803e-03,1.877102535218000412e-03,2.977608703076839447e-03,3.006643848493695259e-03,6.597922649234533310e-03,8.858330547809600830e-03,6.416016258299350739e-03,4.140108358114957809e-03,2.629496389999985695e-03,2.029515570029616356e-03,0.000000000000000000e+00,0.000000000000000000e+00,0.000000000000000000e+00,0.000000000000000000e+00,0.000000000000000000e+00,0.000000000000000000e+00,0.000000000000000000e+00,0.000000000000000000e+00,0.000000000000000000e+00,0.000000000000000000e+00,0.000000000000000000e+00,0.000000000000000000e+00,0.000000000000000000e+00,0.000000000000000000e+00
0.000000000000000000e+00,1.213284675031900406e-03,1.250217552296817303e-03,1.288303406909108162e-03,1.387067139148712158e-03,1.938504981808364391e-03,1.835330389440059662e-03,2.956845331937074661e-03,3.047865815460681915e-03,8.065900765359401703e-03,1.146808825433254242e-02,8.017892017960548401e-03,5.833083763718605042e-03,5.026005674153566360e-03,3.133911872282624245e-03,6.714117480441927910e-04,0.000000000000000000e+00,0.000000000000000000e+00,0.000000000000000000e+00,0.000000000000000000e+00,0.000000000000000000e+00,0.000000000000000000e+00,0.000000000000000000e+00,0.000000000000000000e+00,0.000000000000000000e+00,0.000000000000000000e+00,0.000000000000000000e+00,0.000000000000000000e+00,0.000000000000000000e+00
0.000000000000000000e+00,1.196473487652838230e-03,1.230741618201136589e-03,1.266810693778097630e-03,1.360356458462774754e-03,1.887410529889166355e-03,1.768119633197784424e-03,2.832029014825820923e-03,2.923721447587013245e-03,7.894180715084075928e-03,1.136940345168113708e-02,7.904054597020149231e-03,5.718607921153306961e-03,5.201156716793775558e-03,3.254494396969676018e-03,1.050074468366801739e-03,6.668200367130339146e-04,0.000000000000000000e+00,0.000000000000000000e+00,0.000000000000000000e+00,0.000000000000000000e+00,0.000000000000000000e+00,0.000000000000000000e+00,0.000000000000000000e+00,0.000000000000000000e+00,0.000000000000000000e+00,0.000000000000000000e+00,0.000000000000000000e+00,0.000000000000000000e+00
0.000000000000000000e+00,1.184655004180967808e-03,1.224954146891832352e-03,1.254715723916888237e-03,1.337185967713594437e-03,1.833971356973052025e-03,1.710810931399464607e-03,2.734482288360595703e-03,2.821391215547919273e-03,7.715905550867319107e-03,1.113837119191884995e-02,7.688067853450775146e-03,5.635994020849466324e-03,5.196031648665666580e-03,3.412706078961491585e-03,1.588396378792822361e-03,1.305532525293529034e-03,1.315737958066165447e-03,0.000000000000000000e+00,0.000000000000000000e+00,0.000000000000000000e+00,0.000000000000000000e+00,0.000000000000000000e+00,0.000000000000000000e+00,0.000000000000000000e+00,0.000000000000000000e+00,0.000000000000000000e+00,0.000000000000000000e+00,0.000000000000000000e+00
0.000000000000000000e+00,1.178527716547250748e-03,1.214177580550312996e-03,1.244819955900311470e-03,1.318571041338145733e-03,1.788737834431231022e-03,1.663708710111677647e-03,2.645087195560336113e-03,2.722709206864237785e-03,7.512568030506372452e-03,1.093734335154294968e-02,7.611932232975959778e-03,5.615126341581344604e-03,5.359485279768705368e-03,3.510782727971673012e-03,1.806894550099968910e-03,1.595682348124682903e-03,1.513920607976615429e-03,5.683545605279505253e-04,0.000000000000000000e+00,0.000000000000000000e+00,0.000000000000000000e+00,0.000000000000000000e+00,0.000000000000000000e+00,0.000000000000000000e+00,0.000000000000000000e+00,0.000000000000000000e+00,0.000000000000000000e+00,0.000000000000000000e+00
0.000000000000000000e+00,1.126414746977388859e-03,1.154169673100113869e-03,1.181921339593827724e-03,1.256328541785478592e-03,1.696971477940678596e-03,1.571117085404694080e-03,2.501351758837699890e-03,2.604814013466238976e-03,7.425503805279731750e-03,1.077860407531261444e-02,7.621351163834333420e-03,5.708132404834032059e-03,5.762381479144096375e-03,3.961734939366579056e-03,2.386659383773803711e-03,2.293182071298360825e-03,1.737901824526488781e-03,8.331786957569420338e-04,4.431485140230506659e-04,0.000000000000000000e+00,0.000000000000000000e+00,0.000000000000000000e+00,0.000000000000000000e+00,0.000000000000000000e+00,0.000000000000000000e+00,0.000000000000000000e+00,0.000000000000000000e+00,0.000000000000000000e+00
0.000000000000000000e+00,1.105729839764535427e-03,1.135098864324390888e-03,1.160458312369883060e-03,1.227678614668548107e-03,1.647729892283678055e-03,1.519479556009173393e-03,2.416293136775493622e-03,2.521631540730595589e-03,7.381631061434745789e-03,1.083930395543575287e-02,7.679898757487535477e-03,5.787553731352090836e-03,6.035842932760715485e-03,4.032853990793228149e-03,2.585080219432711601e-03,2.469307743012905121e-03,1.890426152385771275e-03,1.141557469964027405e-03,9.036348201334476471e-04,7.520816870965063572e-04,0.000000000000000000e+00,0.000000000000000000e+00,0.000000000000000000e+00,0.000000000000000000e+00,0.000000000000000000e+00,0.000000000000000000e+00,0.000000000000000000e+00,0.000000000000000000e+00
0.000000000000000000e+00,1.118686865083873272e-03,1.145376940257847309e-03,1.170024275779724121e-03,1.231545582413673401e-03,1.640812144614756107e-03,1.512186951003968716e-03,2.390863141044974327e-03,2.491397084668278694e-03,7.298814598470926285e-03,1.077683828771114349e-02,7.604124024510383606e-03,5.736878607422113419e-03,5.999469663947820663e-03,4.009384196251630783e-03,2.589734038338065147e-03,2.465137746185064316e-03,1.884112367406487465e-03,1.178844948299229145e-03,9.535622666589915752e-04,8.151280344463884830e-04,2.921630511991679668e-04,0.000000000000000000e+00,0.000000000000000000e+00,0.000000000000000000e+00,0.000000000000000000e+00,0.000000000000000000e+00,0.000000000000000000e+00,0.000000000000000000e+00
0.000000000000000000e+00,1.152510289102792740e-03,1.177996513433754444e-03,1.203279243782162666e-03,1.265505561605095863e-03,1.674957689829170704e-03,1.543366932310163975e-03,2.432659734040498734e-03,2.528429497033357620e-03,7.480492815375328064e-03,1.106509100645780563e-02,7.801280356943607330e-03,5.928753409534692764e-03,6.244520656764507294e-03,4.146688617765903473e-03,2.716210437938570976e-03,2.592977602034807205e-03,1.925497897900640965e-03,1.231129630468785763e-03,1.010926207527518272e-03,8.791169966571033001e-04,4.050385323353111744e-04,2.448993036523461342e-04,0.000000000000000000e+00,0.000000000000000000e+00,0.000000000000000000e+00,0.000000000000000000e+00,0.000000000000000000e+00,0.000000000000000000e+00
0.000000000000000000e+00,1.183896907605230808e-03,1.209320500493049622e-03,1.233095768839120865e-03,1.293207053095102310e-03,1.702689332887530327e-03,1.568302162922918797e-03,2.450705505907535553e-03,2.555496757850050926e-03,7.508428301662206650e-03,1.110564544796943665e-02,7.800774648785591125e-03,5.936459638178348541e-03,6.125342100858688354e-03,4.168655257672071457e-03,2.742681186646223068e-03,2.634619362652301788e-03,1.983802067115902901e-03,1.310136867687106133e-03,1.087076263502240181e-03,9.640642092563211918e-04,5.306825041770935059e-04,4.171490145381540060e-04,3.030825173482298851e-04,0.000000000000000000e+00,0.000000000000000000e+00,0.000000000000000000e+00,0.000000000000000000e+00,0.000000000000000000e+00
0.000000000000000000e+00,1.231244183145463467e-03,1.256148447282612324e-03,1.276150229386985302e-03,1.337171066552400589e-03,1.751040224917232990e-03,1.612041844055056572e-03,2.510605147108435631e-03,2.616553101688623428e-03,7.756785023957490921e-03,1.147132739424705505e-02,8.020074106752872467e-03,6.110610906034708023e-03,6.310820113867521286e-03,4.283590707927942276e-03,2.857864368706941605e-03,2.747276797890663147e-03,2.104089595377445221e-03,1.415857463143765926e-03,1.202364452183246613e-03,1.086826319806277752e-03,6.947715301066637039e-04,6.001999718137085438e-04,5.105126765556633472e-04,3.466056077741086483e-04,0.000000000000000000e+00,0.000000000000000000e+00,0.000000000000000000e+00,0.000000000000000000e+00
0.000000000000000000e+00,1.252709538675844669e-03,1.273037865757942200e-03,1.293445704504847527e-03,1.354111940599977970e-03,1.770266331732273102e-03,1.624303753487765789e-03,2.535602310672402382e-03,2.636649180203676224e-03,7.871575653553009033e-03,1.164573896676301956e-02,8.150598034262657166e-03,6.231196690350770950e-03,6.484644487500190735e-03,4.407630302011966705e-03,2.966905944049358368e-03,2.875036792829632759e-03,2.158343093469738960e-03,1.484668580815196037e-03,1.266902661882340908e-03,1.154074445366859436e-03,7.772129611112177372e-04,6.920280284248292446e-04,6.121671758592128754e-04,4.830789694096893072e-04,3.004331665579229593e-04,0.000000000000000000e+00,0.000000000000000000e+00,0.000000000000000000e+00
0.000000000000000000e+00,1.229819958098232746e-03,1.242831000126898289e-03,1.268062973394989967e-03,1.325093326158821583e-03,1.731496304273605347e-03,1.587440143339335918e-03,2.488775411620736122e-03,2.579079242423176765e-03,7.787869777530431747e-03,1.153079885989427567e-02,8.080125786364078522e-03,6.180695723742246628e-03,6.527496967464685440e-03,4.404100589454174042e-03,3.005018923431634903e-03,2.934247953817248344e-03,2.179819392040371895e-03,1.511924318037927151e-03,1.309319282881915569e-03,1.205212553031742573e-03,8.754582377150654793e-04,7.940413779579102993e-04,7.249118061736226082e-04,6.227750563994050026e-04,4.925826797261834145e-04,3.528569941408932209e-04,0.000000000000000000e+00,0.000000000000000000e+00
0.000000000000000000e+00,9.804890723899006844e-04,1.002253149636089802e-03,1.012129359878599644e-03,1.072438783012330532e-03,1.435684622265398502e-03,1.309245824813842773e-03,2.113479189574718475e-03,2.206070115789771080e-03,6.922108586877584457e-03,1.039495225995779037e-02,7.717897184193134308e-03,5.371289327740669250e-03,6.616077385842800140e-03,4.351295530796051025e-03,3.342585638165473938e-03,3.353237872943282127e-03,1.928113400936126709e-03,1.305912388488650322e-03,1.153057673946022987e-03,1.079266658052802086e-03,8.325038361363112926e-04,7.813368574716150761e-04,7.387931109406054020e-04,6.760348333045840263e-04,5.922074196860194206e-04,5.195009871385991573e-04,4.212936910334974527e-04,0.000000000000000000e+00
